company_name;group;sector;subsector;main_activity;address;company_city;postcode;country;products_and_services;information;min_headcount;max_headcount;type_of_building_for_registered_address;verified_by_europages;year_established;websites;download_datetime;id
vetritalia special glass srl;glass_construction_materials;glass_hollowware;;manufacturer/ producer;via roma 103 | 04019 terracina - italy;terracina - italy;4019;italy;bottles and jars, glass | glass hollowware | bottle and container design | sealing capsules | glass containers;the company vetritalia special glass srl, is a manufacturer/ producer, which operates in the bottles and jars, glass industry. it also operates in the glass hollowware, bottle and container design, sealing capsules, and glass containers industries. it is based in terracina, italy.;11.0;50.0;;False;;;;vetritalia-special-glass-srl_00000004592101-410598001
vidya srl;glass_construction_materials;glass_hollowware;;wholesaler;via marittima 203 | 04015 priverno - italy;priverno - italy;4015;italy;glass hollowware | glass bottles for wine | industrial machine assembly;the company vidya srl, is a wholesaler, which operates in the glass hollowware industry. it also operates in the glass bottles for wine, and industrial machine assembly industries. it is based in priverno, italy.;1.0;10.0;;False;;https://vidyasrl.com;;vidya-srl_00000005465051-835922001
ctd;glass_construction_materials;glass_hollowware;;distributor;via grandi 15 | 20060 bussero - italy;bussero - italy;20060;italy;glass hollowware | glass containers;the company ctd, is a distributor, which operates in the glass hollowware industry. it also operates in the glass containers industries. it is based in bussero, italy.;1.0;10.0;;False;;http://www.ctdistribution.it;;ctd_00000003939067-217238001
vetreria etrusca s.r.l.;glass_construction_materials;glass_hollowware;;manufacturer/ producer;70 via maremmana | 50056 montelupo fiorentino - italy;montelupo fiorentino - italy;50056;italy;glass hollowware | crockery | vials and flasks, glass;the company vetreria etrusca s.r.l., is a manufacturer/ producer, founded in 1950, which operates in the glass hollowware industry. it also operates in the crockery, and vials and flasks, glass industries. it is based in montelupo fiorentino, italy.;;;registered office;False;1950.0;http://www.vetreriaetrusca.it;;vetreria-etrusca-srl_seac000108217-001
verimec s.r.l.;glass_construction_materials;glass_hollowware;;wholesaler;27 via serao matilde | 20081 abbiategrasso - italy;abbiategrasso - italy;20081;italy;glass hollowware | condiments, extracts and spices | fish, seafood and snails, preserved;the company verimec s.r.l., is a wholesaler, founded in 1983, which operates in the glass hollowware industry. it also operates in the condiments, extracts and spices, and fish, seafood and snails, preserved industries. it is based in abbiategrasso, italy.;;;registered office;False;1983.0;http://www.paginebianche.it/verimec-abbiategrasso;;verimec-srl_seac001035299-001
v.i.f. vetrerie italiane foresta;glass_construction_materials;glass_hollowware;;manufacturer/ producer;8 via giotto | 35018 san martino di lupari - italy;san martino di lupari - italy;35018;italy;glass hollowware | crockery | vials and flasks, glass;the company v.i.f. vetrerie italiane foresta, is a manufacturer/ producer, founded in 1977, which operates in the glass hollowware industry. it also operates in the crockery, and vials and flasks, glass industries. it is based in san martino di lupari, italy.;;;registered office;False;1977.0;http://www.foresta.net;;vif-vetrerie-italiane-foresta_seac001549312-001
bianchi mario s.r.l.;glass_construction_materials;glass_hollowware;;subcontractor;22 via delle industrie | 20080 albairate - italy;albairate - italy;20080;italy;plate glass and mirrors | glass | glass hollowware;the company bianchi mario s.r.l., is a subcontractor, founded in 1999, which operates in the plate glass and mirrors industry. it also operates in the glass, and glass hollowware industries. it is based in albairate, italy.;11.0;50.0;registered office;False;1999.0;https://www.satinaturabianchi.com/;;bianchi-mario-srl_seac001104555-001
aurora s.r.l.;glass_construction_materials;glass_hollowware;;;1 piazza risorgimento | 20841 carate brianza - italy;carate brianza - italy;20841;italy;silk-screen printing | glass hollowware | crockery;the company aurora s.r.l., founded in 1986, which operates in the silk-screen printing industry. it also operates in the glass hollowware, and crockery industries. it is based in carate brianza, italy.;11.0;50.0;registered office;False;1986.0;;;aurora-srl_seac000208410-001
vetreria toscana s.r.l.;glass_construction_materials;glass_hollowware;;wholesaler;1 localita' bartoloni | 55011 altopascio - italy;altopascio - italy;55011;italy;glass hollowware | crockery | bottles and jars, plastic;the company vetreria toscana s.r.l., is a wholesaler, founded in 1991, which operates in the glass hollowware industry. it also operates in the crockery, and bottles and jars, plastic industries. it is based in altopascio, italy.;1.0;10.0;registered office;False;1991.0;;;vetreria-toscana-srl_seac000292575-001
vetreria glass point s.r.l.;glass_construction_materials;glass_hollowware;;;30 via dante | 38037 predazzo - italy;predazzo - italy;38037;italy;plate glass and mirrors | glass hollowware | glassware, decorative;the company vetreria glass point s.r.l., which operates in the plate glass and mirrors industry. it also operates in the glass hollowware, and glassware, decorative industries. it is based in predazzo, italy.;;;;False;;;;vetreria-glass-point-srl_seac005403126-001
chimar srl;glass_construction_materials;glass_hollowware;;manufacturer/ producer;ferrari | 41011 campogalliano (mo) - italy;campogalliano (mo) - italy;41011;italy;glass hollowware | packaging, glass;the company chimar srl, is a manufacturer/ producer, which operates in the glass hollowware industry. it also operates in the packaging, glass industries. it is based in campogalliano (mo), italy.;11.0;50.0;;False;;http://www.chimarimballaggi.it;;chimar-srl_ita120771-00101
panvetri s.r.l.;glass_construction_materials;glass_hollowware;;wholesaler;km. 75.837 strada statale 98 | 70032 bitonto - italy;bitonto - italy;70032;italy;glass hollowware | crockery | vats, metal;the company panvetri s.r.l., is a wholesaler, founded in 1999, which operates in the glass hollowware industry. it also operates in the crockery, and vats, metal industries. it is based in bitonto, italy.;11.0;50.0;;False;1999.0;;;panvetri-srl_seac000987766-001
enovetro s.r.l.;glass_construction_materials;glass_hollowware;;wholesaler;734 contrada amabilina | 91025 marsala - italy;marsala - italy;91025;italy;glass hollowware | crockery | bottles and jars, plastic;the company enovetro s.r.l., is a wholesaler, founded in 2005, which operates in the glass hollowware industry. it also operates in the crockery, and bottles and jars, plastic industries. it is based in marsala, italy.;;;registered office;False;2005.0;;;enovetro-srl_seac002408639-001
lumson spa;glass_construction_materials;glass_hollowware;;wholesaler;tesino | 26010 capergnanica (cr) - italy;capergnanica (cr) - italy;26010;italy;glass hollowware | vials and flasks, glass;the company lumson spa, is a wholesaler, which operates in the glass hollowware industry. it also operates in the vials and flasks, glass industries. it is based in capergnanica (cr), italy.;101.0;200.0;;False;;;;lumson-spa_ita054714-00101
leonardi & c. (s.r.l.);glass_construction_materials;glass_hollowware;;service provider;beatrice d'este | 20122 milano (mi) - italy;milano (mi) - italy;20122;italy;glass hollowware;the company leonardi & c. (s.r.l.), is a service provider, which operates in the glass hollowware industry. it is based in milano (mi), italy.;1.0;10.0;;False;;;;leonardi-c-srl_ita030696-00101
polypak s.r.l.;glass_construction_materials;glass_hollowware;;;adriatica | 60019 senigallia (an) - italy;senigallia (an) - italy;60019;italy;glass hollowware | packaging, glass;the company polypak s.r.l., which operates in the glass hollowware industry. it also operates in the packaging, glass industries. it is based in senigallia (an), italy.;11.0;50.0;;False;;;;polypak-srl_ita107775-00101
vetralneivese s.r.l.;glass_construction_materials;glass_hollowware;;wholesaler;179 corso scagliola romano | 12052 neive - italy;neive - italy;12052;italy;glass hollowware | crockery | vials and flasks, glass;the company vetralneivese s.r.l., is a wholesaler, founded in 2001, which operates in the glass hollowware industry. it also operates in the crockery, and vials and flasks, glass industries. it is based in neive, italy.;11.0;50.0;registered office;False;2001.0;;;vetralneivese-srl_seac000798974-001
heinz glas italia s.r.l.;glass_construction_materials;glass_hollowware;;distributor;cavour | 43121 parma - italy;parma - italy;43121;italy;glass hollowware | crockery | vials and flasks, glass;the company heinz glas italia s.r.l., is a distributor, which operates in the glass hollowware industry. it also operates in the crockery, and vials and flasks, glass industries. it is based in parma, italy.;1.0;10.0;registered office;False;;;;heinz-glas-italia-srl_seac004737892-001
les verres s.r.l.;glass_construction_materials;glass_hollowware;;wholesaler;18 localita' pannellia | 33039 sedegliano - italy;sedegliano - italy;33039;italy;glass hollowware | crockery | vials and flasks, glass;the company les verres s.r.l., is a wholesaler, founded in 1998, which operates in the glass hollowware industry. it also operates in the crockery, and vials and flasks, glass industries. it is based in sedegliano, italy.;;;registered office;False;1998.0;http://www.lesverres.it;;les-verres-srl_seac002630833-001
pegorari mario alberto aldo (s.n.c.);glass_construction_materials;glass_hollowware;;manufacturer/ producer;via gorgo | 46027 san benedetto po (mn) - italy;san benedetto po (mn) - italy;46027;italy;glass hollowware | packaging, glass;the company pegorari mario alberto aldo (s.n.c.), is a manufacturer/ producer, which operates in the glass hollowware industry. it also operates in the packaging, glass industries. it is based in san benedetto po (mn), italy.;11.0;50.0;;False;;;;pegorari-mario-alberto-aldo-snc_ita129316-00101
gamma imballaggi s.r.l.;glass_construction_materials;glass_hollowware;;manufacturer/ producer;s. sebastiano | 61037 mondolfo (pu) - italy;mondolfo (pu) - italy;61037;italy;glass hollowware | packaging, glass;the company gamma imballaggi s.r.l., is a manufacturer/ producer, which operates in the glass hollowware industry. it also operates in the packaging, glass industries. it is based in mondolfo (pu), italy.;101.0;200.0;;False;;;;gamma-imballaggi-srl_ita103255-00101
a.d.m. vetro s.r.l.;glass_construction_materials;glass_hollowware;;service provider;20 strada manara luciano | 43126 parma - italy;parma - italy;43126;italy;plate glass and mirrors | glass hollowware | crockery;the company a.d.m. vetro s.r.l., is a service provider, founded in 2000, which operates in the plate glass and mirrors industry. it also operates in the glass hollowware, and crockery industries. it is based in parma, italy.;11.0;50.0;registered office;False;2000.0;;;adm-vetro-srl_seac002356215-001
vetrerie belcaro s.r.l.;glass_construction_materials;glass_hollowware;;manufacturer/ producer;411 via nazionale sud | 89025 rosarno - italy;rosarno - italy;89025;italy;glass hollowware | crockery | vials and flasks, glass;the company vetrerie belcaro s.r.l., is a manufacturer/ producer, founded in 2007, which operates in the glass hollowware industry. it also operates in the crockery, and vials and flasks, glass industries. it is based in rosarno, italy.;;;registered office;False;2007.0;http://vetreriebelcaro.it;;vetrerie-belcaro-srl_seac002527539-001
sovem glass s.r.l.;glass_construction_materials;glass_hollowware;;wholesaler;70 via vesuvio | 80035 nola - italy;nola - italy;80035;italy;glass hollowware | crockery | vials and flasks, glass;the company sovem glass s.r.l., is a wholesaler, which operates in the glass hollowware industry. it also operates in the crockery, and vials and flasks, glass industries. it is based in nola, italy.;;;registered office;False;;;;sovem-glass-srl_seac009704058-001
centrosud vetro s.r.l.;glass_construction_materials;glass_hollowware;;wholesaler;1 via modigliani | 89025 rosarno - italy;rosarno - italy;89025;italy;glass hollowware | crockery | vials and flasks, glass;the company centrosud vetro s.r.l., is a wholesaler, founded in 1996, which operates in the glass hollowware industry. it also operates in the crockery, and vials and flasks, glass industries. it is based in rosarno, italy.;;;registered office;False;1996.0;;;centrosud-vetro-srl_seac001926133-001
c.i.v.a.s. s.r.l.;glass_construction_materials;glass_hollowware;;manufacturer/ producer;km. 7.700 strada st. 388 | 09088 simaxis - italy;simaxis - italy;9088;italy;glass hollowware | crockery | vials and flasks, glass;the company c.i.v.a.s. s.r.l., is a manufacturer/ producer, founded in 1993, which operates in the glass hollowware industry. it also operates in the crockery, and vials and flasks, glass industries. it is based in simaxis, italy.;;;registered office;False;1993.0;;;civas-srl_seac001479451-001
francesco arpaia s.r.l.;glass_construction_materials;glass_hollowware;;wholesaler;contrada processione stocco | 88046 lamezia terme - italy;lamezia terme - italy;88046;italy;glass hollowware | crockery | vials and flasks, glass;the company francesco arpaia s.r.l., is a wholesaler, founded in 2006, which operates in the glass hollowware industry. it also operates in the crockery, and vials and flasks, glass industries. it is based in lamezia terme, italy.;11.0;50.0;;False;2006.0;;;francesco-arpaia-srl_seac002643800-001
consumers glass srl;glass_construction_materials;glass_hollowware;;manufacturer/ producer;trinita' | 64046 montorio al vomano (te) - italy;montorio al vomano (te) - italy;64046;italy;glass hollowware;the company consumers glass srl, is a manufacturer/ producer, which operates in the glass hollowware industry. it is based in montorio al vomano (te), italy.;101.0;200.0;;False;;;;consumers-glass-srl_ita067939-00101
o-i manufacturing italy s.p.a.;glass_construction_materials;glass_hollowware;;manufacturer/ producer;vittorio veneto | 33083 chions (pn) - italy;chions (pn) - italy;33083;italy;glass hollowware | bottles and jars, glass;the company o-i manufacturing italy s.p.a., is a manufacturer/ producer, which operates in the glass hollowware industry. it also operates in the bottles and jars, glass industries. it is based in chions (pn), italy.;501.0;inf;;False;;https://www.o-i.com/contact-us/europe/;;oi-manufacturing-italy-spa_ita001508-00101
vidya s.r.l.;glass_construction_materials;glass_hollowware;;;283 corso della repubblica | 04100 latina - italy;latina - italy;4100;italy;glass hollowware | crockery | vials and flasks, glass;the company vidya s.r.l., which operates in the glass hollowware industry. it also operates in the crockery, and vials and flasks, glass industries. it is based in latina, italy.;;;registered office;False;;;;vidya-srl_seac006282872-001
ligurglass s.r.l.;glass_construction_materials;glass_hollowware;;wholesaler;fondocrosa | 16010 mele - italy;mele - italy;16010;italy;glass hollowware | crockery | vials and flasks, glass;the company ligurglass s.r.l., is a wholesaler, which operates in the glass hollowware industry. it also operates in the crockery, and vials and flasks, glass industries. it is based in mele, italy.;;;registered office;False;;http://www.ligurglass.com;;ligurglass-srl_seac001810935-001
tecnodesign s.r.l.;glass_construction_materials;glass_hollowware;;manufacturer/ producer;5 via dell' artigianato | 31043 fontanelle - italy;fontanelle - italy;31043;italy;glass hollowware | crockery | vials and flasks, glass;the company tecnodesign s.r.l., is a manufacturer/ producer, which operates in the glass hollowware industry. it also operates in the crockery, and vials and flasks, glass industries. it is based in fontanelle, italy.;11.0;50.0;registered office;False;;;;tecnodesign-srl_seac005400485-001
di dimenticoni simonetta glass emery;glass_construction_materials;glass_hollowware;;;28/r via sapeto giuseppe | 16132 genova - italy;genova - italy;16132;italy;glass hollowware | crockery | scientific equipment and instruments;the company di dimenticoni simonetta glass emery, founded in 1999, which operates in the glass hollowware industry. it also operates in the crockery, and scientific equipment and instruments industries. it is based in genova, italy.;;;registered office;False;1999.0;;;di-dimenticoni-simonetta-glass-emery_seac000914115-001
vi.vetro s.r.l.;glass_construction_materials;glass_hollowware;;manufacturer/ producer;5 via natta giulio | 36045 lonigo - italy;lonigo - italy;36045;italy;glass hollowware | crockery | vials and flasks, glass;the company vi.vetro s.r.l., is a manufacturer/ producer, founded in 1998, which operates in the glass hollowware industry. it also operates in the crockery, and vials and flasks, glass industries. it is based in lonigo, italy.;;;registered office;False;1998.0;http://www.grupposaida.it/;;vivetro-srl_seac000782708-001
bacama scv s.r.l.;glass_construction_materials;glass_hollowware;;wholesaler;41/43/45 via kennedy | 50063 figline valdarno - italy;figline valdarno - italy;50063;italy;cork products | glass hollowware | plate glass and mirrors;the company bacama scv s.r.l., is a wholesaler, founded in 1992, which operates in the cork products industry. it also operates in the glass hollowware, and plate glass and mirrors industries. it is based in figline valdarno, italy.;11.0;50.0;registered office – parent company;False;1992.0;http://www.bacamascv.it;;bacama-scv-srl_139161518170453-001
ve.ba.d vetrerie baresi duraccio (s.p.a.);glass_construction_materials;glass_hollowware;;manufacturer/ producer;100 | 70023 gioia del colle (ba) - italy;gioia del colle (ba) - italy;70023;italy;glass hollowware;the company ve.ba.d vetrerie baresi duraccio (s.p.a.), is a manufacturer/ producer, which operates in the glass hollowware industry. it is based in gioia del colle (ba), italy.;51.0;100.0;;False;;;;vebad-vetrerie-baresi-duraccio-spa_ita104539-00101
international cookware s.r.l.;glass_construction_materials;glass_hollowware;;wholesaler;1 palazzo canova | 20090 segrate - italy;segrate - italy;20090;italy;glass hollowware | crockery | vials and flasks, glass;the company international cookware s.r.l., is a wholesaler, founded in 2004, which operates in the glass hollowware industry. it also operates in the crockery, and vials and flasks, glass industries. it is based in segrate, italy.;11.0;50.0;;False;2004.0;;;international-cookware-srl_seac001550511-001
europackaging s.r.l.;glass_construction_materials;glass_hollowware;;wholesaler;5 via sondrio | 20020 lainate - italy;lainate - italy;20020;italy;glass hollowware | crockery | vials and flasks, glass;the company europackaging s.r.l., is a wholesaler, founded in 1992, which operates in the glass hollowware industry. it also operates in the crockery, and vials and flasks, glass industries. it is based in lainate, italy.;;;registered office;False;1992.0;http://www.europackaging-srl.com;;europackaging-srl_seac003432052-001
a pack s.r.l.;glass_construction_materials;glass_hollowware;;wholesaler;5 via marenco romualdo | 20144 milano - italy;milano - italy;20144;italy;glass hollowware | crockery | vials and flasks, glass;the company a pack s.r.l., is a wholesaler, founded in 2000, which operates in the glass hollowware industry. it also operates in the crockery, and vials and flasks, glass industries. it is based in milano, italy.;;;registered office;False;2000.0;;;a-pack-srl_seac003487292-001
lucca vetro s.r.l.;glass_construction_materials;glass_hollowware;;;377 via pesciatina | 55012 capannori - italy;capannori - italy;55012;italy;glass hollowware | crockery | vials and flasks, glass;the company lucca vetro s.r.l., which operates in the glass hollowware industry. it also operates in the crockery, and vials and flasks, glass industries. it is based in capannori, italy.;;;registered office;False;;;;lucca-vetro-srl_seac006122239-001
vetrerie ricci s.r.l.;glass_construction_materials;glass_hollowware;;retailer;63/65 strada alessandria | 14049 nizza monferrato - italy;nizza monferrato - italy;14049;italy;glass hollowware | crockery | bottles and jars, plastic;the company vetrerie ricci s.r.l., is a retailer, founded in 1986, which operates in the glass hollowware industry. it also operates in the crockery, and bottles and jars, plastic industries. it is based in nizza monferrato, italy.;11.0;50.0;registered office;False;1986.0;;;vetrerie-ricci-srl_seac000069100-001
eurovetri s.r.l.;glass_construction_materials;glass_hollowware;;wholesaler;via pasubio | 73040 melissano - italy;melissano - italy;73040;italy;glass hollowware | crockery | vials and flasks, glass;the company eurovetri s.r.l., is a wholesaler, founded in 1988, which operates in the glass hollowware industry. it also operates in the crockery, and vials and flasks, glass industries. it is based in melissano, italy.;11.0;50.0;registered office;False;1988.0;http://www.eurovetri.it;;eurovetri-srl_seac002487514-001
boavista s.r.l. unipersonale;glass_construction_materials;glass_hollowware;;wholesaler;1/c localita' zona industriale | 09039 villacidro - italy;villacidro - italy;9039;italy;glass hollowware | crockery | vials and flasks, glass;the company boavista s.r.l. unipersonale, is a wholesaler, founded in 2007, which operates in the glass hollowware industry. it also operates in the crockery, and vials and flasks, glass industries. it is based in villacidro, italy.;;;registered office;False;2007.0;;;boavista-srl-unipersonale_seac005544927-001
europeglass di meucci walter e pesci gianni s.n.c.;glass_construction_materials;glass_hollowware;;;motta | 50053 empoli - italy;empoli - italy;50053;italy;glass hollowware | crockery | vials and flasks, glass;the company europeglass di meucci walter e pesci gianni s.n.c., which operates in the glass hollowware industry. it also operates in the crockery, and vials and flasks, glass industries. it is based in empoli, italy.;;;registered office;False;;;;europeglass-di-meucci-walter-e-pesci-gianni-snc_seac005047974-001
giovacchino barni s.r.l.;glass_construction_materials;glass_hollowware;;wholesaler;402 via francesca | 51015 monsummano terme - italy;monsummano terme - italy;51015;italy;glass hollowware | crockery | vials and flasks, glass;the company giovacchino barni s.r.l., is a wholesaler, founded in 2005, which operates in the glass hollowware industry. it also operates in the crockery, and vials and flasks, glass industries. it is based in monsummano terme, italy.;1.0;10.0;registered office;False;2005.0;;;giovacchino-barni-srl_seac002008955-001
bruni glass s.p.a.;glass_construction_materials;glass_hollowware;;wholesaler;12 viale colombo cristoforo | 20090 trezzano sul naviglio - italy;trezzano sul naviglio - italy;20090;italy;glass hollowware | crockery | vials and flasks, glass;the company bruni glass s.p.a., is a wholesaler, founded in 1973, which operates in the glass hollowware industry. it also operates in the crockery, and vials and flasks, glass industries. it is based in trezzano sul naviglio, italy.;;;registered office;False;1973.0;http://www.bruniglass.com;;bruni-glass-spa_seac002137631-001
crystal style s.n.c.;glass_construction_materials;glass_hollowware;;manufacturer/ producer;via j.f.kennedy, 39 l/m | 20090 rodano - italy;rodano - italy;20090;italy;glass hollowware, lighting | glass processing;the company crystal style s.n.c., is a manufacturer/ producer, founded in 1989, which operates in the glass hollowware, lighting industry. it also operates in the glass processing industries. it is based in rodano, italy.;1.0;10.0;registered office – parent company;False;1989.0;http://www.crystalstyle.it;;crystal-style-snc_seac003413443-26358001
euroglass scientific snc;glass_construction_materials;glass_hollowware;;manufacturer/ producer;strada padana superiore, 38 | 20065 inzago - italy;inzago - italy;20065;italy;glass hollowware, laboratory and technical | scientific devices and instruments;the company euroglass scientific snc, is a manufacturer/ producer, which operates in the glass hollowware, laboratory and technical industry. it also operates in the scientific devices and instruments industries. it is based in inzago, italy.;1.0;10.0;;False;;http://euroglassscientific.it;;euroglass-scientific-snc_00000004018015-341850001
vetreria la giussanese di cogliati valentino;glass_construction_materials;glass_hollowware;;manufacturer/ producer;via dell' artigianato, 10 | 20833 giussano - italy;giussano - italy;20833;italy;glass hollowware, laboratory and technical | glass | tempered glass sheets for laboratories | accessories for glass | glass sundries for laboratories;the company vetreria la giussanese di cogliati valentino, is a manufacturer/ producer, which operates in the glass hollowware, laboratory and technical industry. it also operates in the glass, tempered glass sheets for laboratories, accessories for glass, and glass sundries for laboratories industries. it is based in giussano, italy.;;;registered office – parent company;False;;;;vetreria-la-giussanese-di-cogliati-valentino_seac000014336-001
laboratorio vetrerie scientifiche s.r.l.;glass_construction_materials;glass_hollowware;;retailer;15 via dei luceri | 00185 roma - italy;roma - italy;185;italy;glass hollowware, laboratory and technical | microscope glass slides | essential oils;the company laboratorio vetrerie scientifiche s.r.l., is a retailer, founded in 1952, which operates in the glass hollowware, laboratory and technical industry. it also operates in the microscope glass slides, and essential oils industries. it is based in roma, italy.;;;registered office – parent company;False;1952.0;http://www.essenzialmentegaia.it;;laboratorio-vetrerie-scientifiche-srl_seac001589969-001
vetreria artistica rosa di rosa carlo & c. s.n.c.;glass_construction_materials;glass_hollowware;;;4 via ferraris galileo | 30038 spinea - italy;spinea - italy;30038;italy;glassware, decorative | plate glass and mirrors | glass hollowware, lighting;the company vetreria artistica rosa di rosa carlo & c. s.n.c., founded in 1988, which operates in the glassware, decorative industry. it also operates in the plate glass and mirrors, and glass hollowware, lighting industries. it is based in spinea, italy.;11.0;50.0;registered office;False;1988.0;http://www.vetreriaartisticarosa.it;;vetreria-artistica-rosa-di-rosa-carlo-c-snc_seac002491433-001
sar.cell.srl.;glass_construction_materials;glass_hollowware;;subcontractor;46 via venier sebastiano | 30020 marcon - italy;marcon - italy;30020;italy;crystal lamps | glass hollowware, lighting | lighting;the company sar.cell.srl., is a subcontractor, founded in 2000, which operates in the crystal lamps industry. it also operates in the glass hollowware, lighting, and lighting industries. it is based in marcon, italy.;11.0;50.0;registered office;False;2000.0;http://www.sarcell.it;;sarcellsrl_seac002780995-001
luxvetro s.r.l.;glass_construction_materials;glass_hollowware;;manufacturer/ producer;11/a via volta alessandro | 30036 santa maria di sala - italy;santa maria di sala - italy;30036;italy;glassware, decorative | plate glass and mirrors | glass hollowware, lighting;the company luxvetro s.r.l., is a manufacturer/ producer, which operates in the glassware, decorative industry. it also operates in the plate glass and mirrors, and glass hollowware, lighting industries. it is based in santa maria di sala, italy.;11.0;50.0;registered office;False;;http://www.paginegialle.it/lavorazionevetro;;luxvetro-srl_seac005754345-001
gl neon;glass_construction_materials;glass_hollowware;;manufacturer/ producer;via della casa buia 4a | 40129 bologna - italy;bologna - italy;40129;italy;glass hollowware, lighting;the company gl neon, is a manufacturer/ producer, founded in 1970, which operates in the glass hollowware, lighting industry. it is based in bologna, italy.;1.0;10.0;registered office;False;1970.0;http://www.glneon.it;;gl-neon_00000003899441-187560001
tiglass srl;glass_construction_materials;glass_hollowware;;retailer;b. ciurini 81 | 50051 castelfiorenitno - italy;castelfiorenitno - italy;50051;italy;glass hollowware, lighting;the company tiglass srl, is a retailer, which operates in the glass hollowware, lighting industry. it is based in castelfiorenitno, italy.;1.0;10.0;;False;;;;tiglass-srl_ita321264-32687001
stevanato group s.p.a.;glass_construction_materials;glass_hollowware;;;17 via molinella | 35017 piombino dese - italy;piombino dese - italy;35017;italy;glass hollowware, laboratory and technical | glass for technical industrial use | glass phials for laboratories;the company stevanato group s.p.a., founded in 1988, which operates in the glass hollowware, laboratory and technical industry. it also operates in the glass for technical industrial use, and glass phials for laboratories industries. it is based in piombino dese, italy.;;;registered office;False;1988.0;http://www.stevanatogroup.com;;stevanato-group-spa_seac000425466-001
tammaro home;glass_construction_materials;glass_hollowware;;manufacturer/ producer;via paolo borsellino 142 | 80025 casandrino - italy;casandrino - italy;80025;italy;glass hollowware - household articles | murano glass gift items | tammaro home;the company tammaro home, is a manufacturer/ producer, which operates in the glass hollowware - household articles industry. it also operates in the murano glass gift items, and tammaro home industries. it is based in casandrino, italy.;;;;False;;https://www.tammarohome.com;;tammaro-home_00000005499130-001
microcolumn s.r.l.;glass_construction_materials;glass_hollowware;;wholesaler;catalani alfredo | 20851 lissone - italy;lissone - italy;20851;italy;glass hollowware, laboratory and technical;the company microcolumn s.r.l., is a wholesaler, founded in 1974, which operates in the glass hollowware, laboratory and technical industry. it is based in lissone, italy.;11.0;50.0;registered office;False;1974.0;http://www.microcolumn.it;;microcolumn-srl_seac000808935-001
vetreria s. giuseppe;glass_construction_materials;glass_hollowware;;manufacturer/ producer;78 via mussa' | 35017 piombino dese - italy;piombino dese - italy;35017;italy;plate glass and mirrors | glass hollowware, lighting | windows;the company vetreria s. giuseppe, is a manufacturer/ producer, founded in 1974, which operates in the plate glass and mirrors industry. it also operates in the glass hollowware, lighting, and windows industries. it is based in piombino dese, italy.;;;registered office;False;1974.0;;;vetreria-s-giuseppe_seac000079524-001
vetreria s.c. di santagiuliana carlo;glass_construction_materials;glass_hollowware;;service provider;gasdotto | z.ind. | 36078 valdagno - italy;valdagno - italy;36078;italy;plate glass and mirrors | glass for the transport industry | glass hollowware, wired;the company vetreria s.c. di santagiuliana carlo, is a service provider, which operates in the plate glass and mirrors industry. it also operates in the glass for the transport industry, and glass hollowware, wired industries. it is based in valdagno, italy.;;;registered office;False;;;;vetreria-sc-di-santagiuliana-carlo_seac000217527-001
microtech s.r.l.;glass_construction_materials;glass_hollowware;;;17 via veniero sebastiano | 80125 napoli - italy;napoli - italy;80125;italy;glass, industrial | liquid crystals | glass hollowware, coloured;the company microtech s.r.l., founded in 1978, which operates in the glass, industrial industry. it also operates in the liquid crystals, and glass hollowware, coloured industries. it is based in napoli, italy.;;;;False;1978.0;;;microtech-srl_seac003189373-001
vidal fabrizio e dei rossi nicola e c. s.n.c.;glass_construction_materials;glass_hollowware;;subcontractor;14/c via dell' artigianato | 30030 salzano - italy;salzano - italy;30030;italy;glass hollowware, lighting | glass etching;the company vidal fabrizio e dei rossi nicola e c. s.n.c., is a subcontractor, founded in 1982, which operates in the glass hollowware, lighting industry. it also operates in the glass etching industries. it is based in salzano, italy.;11.0;50.0;registered office;False;1982.0;;;vidal-fabrizio-e-dei-rossi-nicola-e-c-snc_seac000485094-001
vetreria badalamenti;glass_construction_materials;glass_hollowware;;manufacturer/ producer;via cluverio 2 | 90100 palermo - italy;palermo - italy;90100;italy;glass hollowware, laboratory and technical | shower stalls;the company vetreria badalamenti, is a manufacturer/ producer, which operates in the glass hollowware, laboratory and technical industry. it also operates in the shower stalls industries. it is based in palermo, italy.;1.0;10.0;;False;;;;vetreria-badalamenti_00000003989687-267122001
colaver s.r.l.;glass_construction_materials;glass_hollowware;;manufacturer/ producer;23 via dell' artigianato | 20090 vimodrone - italy;vimodrone - italy;20090;italy;glass hollowware, laboratory and technical | hospital and medical laboratory equipment and supplies;the company colaver s.r.l., is a manufacturer/ producer, founded in 1985, which operates in the glass hollowware, laboratory and technical industry. it also operates in the hospital and medical laboratory equipment and supplies industries. it is based in vimodrone, italy.;;;registered office;False;1985.0;;;colaver-srl_seac000986481-001
scientifica panzeri di marco panzeri;glass_construction_materials;glass_hollowware;;;28 via la fratta | 20099 sesto san giovanni - italy;sesto san giovanni - italy;20099;italy;glass hollowware, laboratory and technical | glass for medical use;the company scientifica panzeri di marco panzeri, founded in 1996, which operates in the glass hollowware, laboratory and technical industry. it also operates in the glass for medical use industries. it is based in sesto san giovanni, italy.;11.0;50.0;registered office;False;1996.0;;;scientifica-panzeri-di-marco-panzeri_seac002579300-001
sicas;glass_construction_materials;glass_hollowware;;wholesaler;27/29 via buozzi bruno | 20097 san donato milanese - italy;san donato milanese - italy;20097;italy;scientific equipment and instruments | glass hollowware, laboratory and technical | sensors;the company sicas, is a wholesaler, founded in 1953, which operates in the scientific equipment and instruments industry. it also operates in the glass hollowware, laboratory and technical, and sensors industries. it is based in san donato milanese, italy.;;;registered office;False;1953.0;;;sicas_seac000554975-001
officine bellucci;glass_construction_materials;glass_hollowware;;retailer;vocabolo stazione | 05100 terni - italy;terni - italy;5100;italy;glass hollowware, laboratory and technical;the company officine bellucci, is a retailer, which operates in the glass hollowware, laboratory and technical industry. it is based in terni, italy.;;;;False;;http://www.officinebellucci.com;;officine-bellucci_00000005330890-628246001
decor light di scapinello giorgio;glass_construction_materials;glass_hollowware;;;14 via tosatti | 30037 scorze' - italy;scorze' - italy;30037;italy;glass hollowware, lighting;the company decor light di scapinello giorgio, founded in 2006, which operates in the glass hollowware, lighting industry. it is based in scorze', italy.;;;registered office;False;2006.0;;;decor-light-di-scapinello-giorgio_seac000935649-001
vetreria nuova re.da.el di bigini danilo;glass_construction_materials;glass_hollowware;;manufacturer/ producer;8 via s. rocco | 10082 cuorgne' - italy;cuorgne' - italy;10082;italy;glass hollowware, lighting;the company vetreria nuova re.da.el di bigini danilo, is a manufacturer/ producer, which operates in the glass hollowware, lighting industry. it is based in cuorgne', italy.;;;registered office;False;;;;vetreria-nuova-redael-di-bigini-danilo_seac005467782-001
foscarini s.r.l.;glass_construction_materials;glass_hollowware;;manufacturer/ producer;27 via delle industrie | 30020 marcon - italy;marcon - italy;30020;italy;glass hollowware, lighting | wall lights | table lamp;the company foscarini s.r.l., is a manufacturer/ producer, founded in 1988, which operates in the glass hollowware, lighting industry. it also operates in the wall lights, and table lamp industries. it is based in marcon, italy.;51.0;100.0;registered office;False;1988.0;http://www.foscarini.com;;foscarini-srl_seac002451090-001
cgl glass di mauro luca;glass_construction_materials;glass_hollowware;;;47 via lago di nicito | 95124 catania - italy;catania - italy;95124;italy;glass, industrial | liquid crystals | glass hollowware, coloured;the company cgl glass di mauro luca, which operates in the glass, industrial industry. it also operates in the liquid crystals, and glass hollowware, coloured industries. it is based in catania, italy.;;;registered office;False;;;;cgl-glass-di-mauro-luca_seac006471753-001
motor service s.a.s. di mignolli luca & c.;glass_construction_materials;glass_hollowware;;service provider;lavoro | 37012 bussolengo - italy;bussolengo - italy;37012;italy;glass for the transport industry | plate glass, safety | glass hollowware, safety;the company motor service s.a.s. di mignolli luca & c., is a service provider, which operates in the glass for the transport industry industry. it also operates in the plate glass, safety, and glass hollowware, safety industries. it is based in bussolengo, italy.;;;registered office;False;;;;motor-service-sas-di-mignolli-luca-c_seac005289450-001
vetrofond s.r.l.;glass_construction_materials;glass_hollowware;;manufacturer/ producer;86 via belvedere | 31032 casale sul sile - italy;casale sul sile - italy;31032;italy;glassware, decorative | glass hollowware, lighting | glass painting;the company vetrofond s.r.l., is a manufacturer/ producer, founded in 1980, which operates in the glassware, decorative industry. it also operates in the glass hollowware, lighting, and glass painting industries. it is based in casale sul sile, italy.;;;registered office;False;1980.0;http://www.vetrofond.it;;vetrofond-srl_seac000186357-001
componenti dona' s.r.l.;glass_construction_materials;glass_hollowware;;manufacturer/ producer;5 via vivarini antonio | 30174 venezia - italy;venezia - italy;30174;italy;glass hollowware, lighting | glass pendants for lamps;the company componenti dona' s.r.l., is a manufacturer/ producer, founded in 1994, which operates in the glass hollowware, lighting industry. it also operates in the glass pendants for lamps industries. it is based in venezia, italy.;11.0;50.0;registered office;False;1994.0;;;componenti-dona-srl_seac000786157-001
sediver s.p.a.;glass_construction_materials;glass_hollowware;;;3 via dei colatori | 50019 sesto fiorentino - italy;sesto fiorentino - italy;50019;italy;glass, industrial | liquid crystals | glass hollowware, coloured;the company sediver s.p.a., which operates in the glass, industrial industry. it also operates in the liquid crystals, and glass hollowware, coloured industries. it is based in sesto fiorentino, italy.;;;;False;;;;sediver-spa_seac008327520-001
vetroluce italia s.r.l.;glass_construction_materials;glass_hollowware;;;22 via milano | 20060 liscate - italy;liscate - italy;20060;italy;glass hollowware, lighting;the company vetroluce italia s.r.l., which operates in the glass hollowware, lighting industry. it is based in liscate, italy.;;;registered office;False;;;;vetroluce-italia-srl_seac005294207-001
gritti paolo;glass_construction_materials;glass_hollowware;;subcontractor;veronica gambara | 25010 montirone - italy;montirone - italy;25010;italy;glass for the transport industry | glass hollowware, wired | plate glass and mirrors;the company gritti paolo, is a subcontractor, which operates in the glass for the transport industry industry. it also operates in the glass hollowware, wired, and plate glass and mirrors industries. it is based in montirone, italy.;;;registered office;False;;;;gritti-paolo_seac004185255-001
omnia services di corradi massimo;glass_construction_materials;glass_hollowware;;manufacturer/ producer;corridoni filippo | 20093 cologno monzese - italy;cologno monzese - italy;20093;italy;glass, industrial | liquid crystals | glass hollowware, coloured;the company omnia services di corradi massimo, is a manufacturer/ producer, which operates in the glass, industrial industry. it also operates in the liquid crystals, and glass hollowware, coloured industries. it is based in cologno monzese, italy.;;;registered office;False;;;;omnia-services-di-corradi-massimo_seac003017079-001
vetreria effetiemme snc di zanellato m. & c.;glass_construction_materials;glass_hollowware;;manufacturer/ producer;moglianese s. | 30037 scorze' (ve) - italy;scorze' (ve) - italy;30037;italy;glass, industrial | glass hollowware, lighting;the company vetreria effetiemme snc di zanellato m. & c., is a manufacturer/ producer, which operates in the glass, industrial industry. it also operates in the glass hollowware, lighting industries. it is based in scorze' (ve), italy.;11.0;50.0;;False;;http://www.vetreriaeffetiemme.com;;vetreria-effetiemme-snc-di-zanellato-m-c_ita124370-00101
glass due;glass_construction_materials;glass_hollowware;;wholesaler;17 via del santo | 35010 loreggia - italy;loreggia - italy;35010;italy;glass hollowware, lighting | glass tubes for electric lighting | glass bulbs for lights;the company glass due, is a wholesaler, founded in 1987, which operates in the glass hollowware, lighting industry. it also operates in the glass tubes for electric lighting, and glass bulbs for lights industries. it is based in loreggia, italy.;;;;False;1987.0;http://www.glassdue.com;;glass-due_seac000375486-001
vetreria agrosi' s.r.l.;glass_construction_materials;glass_hollowware;;;15 via consolini adolfo | 00019 tivoli - italy;tivoli - italy;19;italy;glass, industrial | liquid crystals | glass hollowware, coloured;the company vetreria agrosi' s.r.l., which operates in the glass, industrial industry. it also operates in the liquid crystals, and glass hollowware, coloured industries. it is based in tivoli, italy.;;;;False;;;;vetreria-agrosi-srl_seac009854074-001
voleno felice s.r.l.;glass_construction_materials;glass_hollowware;;manufacturer/ producer;1 via fermi | 23897 vigano' - italy;vigano' - italy;23897;italy;glass hollowware, lighting | spades | glass pendants for lamps;the company voleno felice s.r.l., is a manufacturer/ producer, founded in 1975, which operates in the glass hollowware, lighting industry. it also operates in the spades, and glass pendants for lamps industries. it is based in vigano', italy.;11.0;50.0;registered office;False;1975.0;;;voleno-felice-srl_seac000026152-001
borromini s.r.l.;glass_construction_materials;glass_hollowware;;manufacturer/ producer;5 viale lavoro | 37030 colognola ai colli - italy;colognola ai colli - italy;37030;italy;glass, industrial | liquid crystals | glass hollowware, coloured;the company borromini s.r.l., is a manufacturer/ producer, founded in 2006, which operates in the glass, industrial industry. it also operates in the liquid crystals, and glass hollowware, coloured industries. it is based in colognola ai colli, italy.;51.0;100.0;registered office;False;2006.0;http://www.borromini.it;;borromini-srl_seac001057731-001
sunglass industry s.r.l.;glass_construction_materials;glass_hollowware;;;135 via del santo | 35010 limena - italy;limena - italy;35010;italy;glass, industrial | liquid crystals | glass hollowware, coloured;the company sunglass industry s.r.l., which operates in the glass, industrial industry. it also operates in the liquid crystals, and glass hollowware, coloured industries. it is based in limena, italy.;51.0;100.0;;False;;;;sunglass-industry-srl_seac009150460-001
artvetro s.r.l.;glass_construction_materials;glass_hollowware;;manufacturer/ producer;via teresina corti, 8 | 23851 galbiate - italy;galbiate - italy;23851;italy;glass hollowware, lighting;the company artvetro s.r.l., is a manufacturer/ producer, founded in 1984, which operates in the glass hollowware, lighting industry. it is based in galbiate, italy.;11.0;50.0;registered office;False;1984.0;http://www.artvetro.com;;artvetro-srl_00000003705047-108834001
barovier & toso vetrerie artistiche riunite s.r.l.;glass_construction_materials;glass_hollowware;;service provider;35 via pialoi | 30020 marcon - italy;marcon - italy;30020;italy;glass hollowware, lighting;the company barovier & toso vetrerie artistiche riunite s.r.l., is a service provider, founded in 2005, which operates in the glass hollowware, lighting industry. it is based in marcon, italy.;51.0;100.0;;False;2005.0;;;barovier-toso-vetrerie-artistiche-riunite-srl_seac002897388-001
alessandrini impianti di alessandrini paolo;glass_construction_materials;glass_hollowware;;;34 via osteria dei cipressi | 06100 perugia - italy;perugia - italy;6100;italy;glass, industrial | liquid crystals | glass hollowware, coloured;the company alessandrini impianti di alessandrini paolo, which operates in the glass, industrial industry. it also operates in the liquid crystals, and glass hollowware, coloured industries. it is based in perugia, italy.;;;registered office;False;;;;alessandrini-impianti-di-alessandrini-paolo_seac005889536-001
invetro;glass_construction_materials;glass_hollowware;;manufacturer/ producer;37 via pialoi | 30020 marcon - italy;marcon - italy;30020;italy;glassware, decorative | glass hollowware, lighting | glass painting;the company invetro, is a manufacturer/ producer, which operates in the glassware, decorative industry. it also operates in the glass hollowware, lighting, and glass painting industries. it is based in marcon, italy.;;;registered office;False;;;;invetro_seac004657131-001
giemme luci di m. dona' & c. ( s.n.c. );glass_construction_materials;glass_hollowware;;;22 fondamenta riva longa | 30100 venezia - italy;venezia - italy;30100;italy;glass hollowware, lighting | glass pendants for lamps;the company giemme luci di m. dona' & c. ( s.n.c. ), founded in 1989, which operates in the glass hollowware, lighting industry. it also operates in the glass pendants for lamps industries. it is based in venezia, italy.;;;registered office;False;1989.0;;;giemme-luci-di-m-dona-c-snc-_seac002520942-001
co.ro.tre. ( s.n.c. );glass_construction_materials;glass_hollowware;;manufacturer/ producer;vetrai | 30141 venezia - italy;venezia - italy;30141;italy;glass hollowware, lighting | glass pendants for lamps;the company co.ro.tre. ( s.n.c. ), is a manufacturer/ producer, which operates in the glass hollowware, lighting industry. it also operates in the glass pendants for lamps industries. it is based in venezia, italy.;;;registered office;False;;;;corotre-snc-_seac002265050-001
unilvetro di zini massimo;glass_construction_materials;glass_hollowware;;manufacturer/ producer;31 via garian | 20146 milano - italy;milano - italy;20146;italy;glass hollowware, laboratory and technical | glass for medical use;the company unilvetro di zini massimo, is a manufacturer/ producer, founded in 1983, which operates in the glass hollowware, laboratory and technical industry. it also operates in the glass for medical use industries. it is based in milano, italy.;;;registered office;False;1983.0;;;unilvetro-di-zini-massimo_seac003263074-001
itiv technology s.r.l.;glass_construction_materials;glass_hollowware;;manufacturer/ producer;1 via marsala | 20822 seveso - italy;seveso - italy;20822;italy;glass hollowware, laboratory and technical;the company itiv technology s.r.l., is a manufacturer/ producer, founded in 2004, which operates in the glass hollowware, laboratory and technical industry. it is based in seveso, italy.;;;registered office;False;2004.0;;;itiv-technology-srl_seac002992126-001
vetro scientifica s.r.l.;glass_construction_materials;glass_hollowware;;manufacturer/ producer;88 via dei volsci | 00185 roma - italy;roma - italy;185;italy;glass hollowware, laboratory and technical | microscope glass slides;the company vetro scientifica s.r.l., is a manufacturer/ producer, founded in 1996, which operates in the glass hollowware, laboratory and technical industry. it also operates in the microscope glass slides industries. it is based in roma, italy.;11.0;50.0;registered office;False;1996.0;;;vetro-scientifica-srl_seac001727643-001
caru' aurelio & c.;glass_construction_materials;glass_hollowware;;manufacturer/ producer;2 via della pineta | 00048 nettuno - italy;nettuno - italy;48;italy;glass hollowware, laboratory and technical;the company caru' aurelio & c., is a manufacturer/ producer, founded in 1982, which operates in the glass hollowware, laboratory and technical industry. it is based in nettuno, italy.;;;registered office;False;1982.0;;;caru-aurelio-c_seac001910300-001
luxenia umbro tiberina s.r.l.;glass_construction_materials;glass_hollowware;;manufacturer/ producer;26/c strada tiberina nord | 06134 perugia - italy;perugia - italy;6134;italy;glass hollowware, laboratory and technical;the company luxenia umbro tiberina s.r.l., is a manufacturer/ producer, founded in 1972, which operates in the glass hollowware, laboratory and technical industry. it is based in perugia, italy.;11.0;50.0;registered office;False;1972.0;;;luxenia-umbro-tiberina-srl_seac003445393-001
ama servizi s.p.a.;glass_construction_materials;glass_hollowware;;;spadellata | 00042 anzio - italy;anzio - italy;42;italy;glass hollowware, laboratory and technical;the company ama servizi s.p.a., which operates in the glass hollowware, laboratory and technical industry. it is based in anzio, italy.;;;registered office;False;;;;ama-servizi-spa_seac001620480-001
alipharma s.r.l.;glass_construction_materials;glass_hollowware;;manufacturer/ producer;32 via montebello | 20121 milano - italy;milano - italy;20121;italy;glass hollowware, laboratory and technical;the company alipharma s.r.l., is a manufacturer/ producer, founded in 2000, which operates in the glass hollowware, laboratory and technical industry. it is based in milano, italy.;;;registered office;False;2000.0;;;alipharma-srl_seac003485083-001
vetro mec di zabeo gian luca & argiolas luciano s.n.c.;glass_construction_materials;glass_hollowware;;manufacturer/ producer;10 via faro | 20876 ornago - italy;ornago - italy;20876;italy;glass hollowware, laboratory and technical | microscope glass slides | glass for medical use;the company vetro mec di zabeo gian luca & argiolas luciano s.n.c., is a manufacturer/ producer, founded in 1993, which operates in the glass hollowware, laboratory and technical industry. it also operates in the microscope glass slides, and glass for medical use industries. it is based in ornago, italy.;;;registered office;False;1993.0;;;vetro-mec-di-zabeo-gian-luca-argiolas-luciano-snc_seac002500475-001
ar.la.ve.s. s.r.l.;glass_construction_materials;glass_hollowware;;manufacturer/ producer;2 via monte santo | 24047 treviglio - italy;treviglio - italy;24047;italy;glass hollowware, laboratory and technical;the company ar.la.ve.s. s.r.l., is a manufacturer/ producer, founded in 1977, which operates in the glass hollowware, laboratory and technical industry. it is based in treviglio, italy.;51.0;100.0;registered office;False;1977.0;http://www.arlaves.com;;arlaves-srl_seac000178596-001
soffieria casirati;glass_construction_materials;glass_hollowware;;manufacturer/ producer;arcoveggio | 40129 bologna - italy;bologna - italy;40129;italy;glass hollowware, laboratory and technical;the company soffieria casirati, is a manufacturer/ producer, founded in 1962, which operates in the glass hollowware, laboratory and technical industry. it is based in bologna, italy.;;;registered office;False;1962.0;http://www.soffieriacasirati.com;;soffieria-casirati_seac000001426-001
glass hi tech s.r.l.;glass_construction_materials;glass_hollowware;;;6 via mattei | 35020 masera' di padova - italy;masera' di padova - italy;35020;italy;glass hollowware, laboratory and technical;the company glass hi tech s.r.l., founded in 1988, which operates in the glass hollowware, laboratory and technical industry. it is based in masera' di padova, italy.;11.0;50.0;registered office;False;1988.0;;;glass-hi-tech-srl_seac008601087-001
corning pharmaceutical glass s.p.a.;glass_construction_materials;glass_hollowware;;manufacturer/ producer;4 via montelungo | 56122 pisa - italy;pisa - italy;56122;italy;glass hollowware, laboratory and technical | glass tubes for electric lighting;the company corning pharmaceutical glass s.p.a., is a manufacturer/ producer, founded in 1961, which operates in the glass hollowware, laboratory and technical industry. it also operates in the glass tubes for electric lighting industries. it is based in pisa, italy.;;;registered office;False;1961.0;https://www.corning.com/worldwide/en.html;;corning-pharmaceutical-glass-spa_seac000023642-001
soffieria bertolini s.p.a.;glass_construction_materials;glass_hollowware;;manufacturer/ producer;7 via sestriere | 10060 candiolo - italy;candiolo - italy;10060;italy;glass hollowware, laboratory and technical;the company soffieria bertolini s.p.a., is a manufacturer/ producer, founded in 1944, which operates in the glass hollowware, laboratory and technical industry. it is based in candiolo, italy.;;;registered office;False;1944.0;;;soffieria-bertolini-spa_seac001388992-001
cdl consorzio distribuzione laboratorio;glass_construction_materials;glass_hollowware;;;10 via uruguay | 35127 padova - italy;padova - italy;35127;italy;glass hollowware, laboratory and technical;the company cdl consorzio distribuzione laboratorio, founded in 1997, which operates in the glass hollowware, laboratory and technical industry. it is based in padova, italy.;11.0;50.0;registered office;False;1997.0;;;cdl-consorzio-distribuzione-laboratorio_seac002801093-001
labortechnik;glass_construction_materials;glass_hollowware;;manufacturer/ producer;59/f corso europa | 16132 genova - italy;genova - italy;16132;italy;glass hollowware, laboratory and technical;the company labortechnik, is a manufacturer/ producer, founded in 1984, which operates in the glass hollowware, laboratory and technical industry. it is based in genova, italy.;;;registered office;False;1984.0;;;labortechnik_seac005953581-001
spaziani rolando s.r.l.;glass_construction_materials;glass_hollowware;;manufacturer/ producer;10 via caprioli | 00048 nettuno - italy;nettuno - italy;48;italy;plate glass and mirrors | scientific equipment and instruments | glass hollowware, laboratory and technical;the company spaziani rolando s.r.l., is a manufacturer/ producer, founded in 1991, which operates in the plate glass and mirrors industry. it also operates in the scientific equipment and instruments, and glass hollowware, laboratory and technical industries. it is based in nettuno, italy.;;;registered office;False;1991.0;http://www.spaziani.com;;spaziani-rolando-srl_seac000933140-001
f.r.e.a.s. di bertini antonio & ghilardi angelo s.n.c.;glass_construction_materials;glass_hollowware;;manufacturer/ producer;20 via degli artigiani | 26025 pandino - italy;pandino - italy;26025;italy;glass hollowware, laboratory and technical | glass for medical use;the company f.r.e.a.s. di bertini antonio & ghilardi angelo s.n.c., is a manufacturer/ producer, founded in 1983, which operates in the glass hollowware, laboratory and technical industry. it also operates in the glass for medical use industries. it is based in pandino, italy.;;;registered office;False;1983.0;;;freas-di-bertini-antonio-ghilardi-angelo-snc_seac001528860-001
crestani s.r.l.;glass_construction_materials;glass_hollowware;;manufacturer/ producer;12 via mocenigo | 36066 sandrigo - italy;sandrigo - italy;36066;italy;glass hollowware, laboratory and technical;the company crestani s.r.l., is a manufacturer/ producer, founded in 1960, which operates in the glass hollowware, laboratory and technical industry. it is based in sandrigo, italy.;51.0;100.0;registered office;False;1960.0;;;crestani-srl_seac000033032-001
soffieria mezzadri s.r.l.;glass_construction_materials;glass_hollowware;;manufacturer/ producer;vecchia fornace | 43035 felino - italy;felino - italy;43035;italy;glass hollowware, laboratory and technical | glass for medical use | glass phials;the company soffieria mezzadri s.r.l., is a manufacturer/ producer, founded in 1985, which operates in the glass hollowware, laboratory and technical industry. it also operates in the glass for medical use, and glass phials industries. it is based in felino, italy.;51.0;100.0;registered office;False;1985.0;http://www.soffieriamezzadri.com;;soffieria-mezzadri-srl_seac000247893-001
ettore pasquali s.r.l.;glass_construction_materials;glass_hollowware;;wholesaler;190 via baroni costantino | 20142 milano - italy;milano - italy;20142;italy;glass hollowware, laboratory and technical | mechanical measuring instruments for laboratories | balances;the company ettore pasquali s.r.l., is a wholesaler, founded in 1980, which operates in the glass hollowware, laboratory and technical industry. it also operates in the mechanical measuring instruments for laboratories, and balances industries. it is based in milano, italy.;11.0;50.0;registered office;False;1980.0;http://www.pasquali.it;;ettore-pasquali-srl_seac003093278-001
orlando daniele;glass_construction_materials;glass_hollowware;;manufacturer/ producer;cimarosa domenico | 20096 pioltello - italy;pioltello - italy;20096;italy;glass hollowware, laboratory and technical;the company orlando daniele, is a manufacturer/ producer, which operates in the glass hollowware, laboratory and technical industry. it is based in pioltello, italy.;;;registered office;False;;;;orlando-daniele_seac002526441-001
nuova ompi s.r.l.;glass_construction_materials;glass_hollowware;;manufacturer/ producer;via molinella, 17 | 35017 piombino dese - italy;piombino dese - italy;35017;italy;glass, industrial | glass hollowware, laboratory and technical;the company nuova ompi s.r.l., is a manufacturer/ producer, which operates in the glass, industrial industry. it also operates in the glass hollowware, laboratory and technical industries. it is based in piombino dese, italy.;201.0;500.0;;False;;;;nuova-ompi-srl_ita102961-00101
ramella malinverno gabriella;glass_construction_materials;glass_hollowware;;service provider;56 corso rosselli carlo e nello | 10129 torino - italy;torino - italy;10129;italy;glass hollowware, laboratory and technical;the company ramella malinverno gabriella, is a service provider, which operates in the glass hollowware, laboratory and technical industry. it is based in torino, italy.;1.0;10.0;registered office;False;;;;ramella-malinverno-gabriella_seac003178382-001
